{
  "caves": {
    "caveCarverProbability": 0.14285715,
    "cheeseCaveDepthOffset": 1.5625,
    "cheeseCaveProbability": 1.0,
    "deepCaveCarverProbability": 0.07,
    "entranceCaveProbability": 0.0,
    "largeOreVeins": true,
    "legacyCarverDistribution": false,
    "noodleCaveProbability": 1.0,
    "ravineCarverProbability": 0.02,
    "spaghettiCaveProbability": 1.0
  },
  "climate": {
    "biomeEdgeShape": {
      "type": "PERLIN",
      "gain": 0.5,
      "lacunarity": 2.65,
      "octaves": 2,
      "scale": 24,
      "strength": 14
    },
    "biomeShape": {
      "biomeSize": 264,
      "biomeWarpScale": 150,
      "biomeWarpStrength": 80,
      "macroNoiseSize": 6
    },
    "moisture": {
      "bias": 0.10051546,
      "falloff": 1,
      "max": 1.0,
      "min": 0.0,
      "scale": 12,
      "seedOffset": 0
    },
    "temperature": {
      "bias": -0.079467356,
      "falloff": 2,
      "max": 0.7673969,
      "min": 0.0,
      "scale": 20,
      "seedOffset": 0
    }
  },
  "filters": {
    "erosion": {
      "depositeRate": 0.5,
      "dropletLifetime": 12,
      "dropletVelocity": 0.7,
      "dropletVolume": 0.7,
      "dropletsPerChunk": 122,
      "erosionRate": 0.5
    },
    "smoothing": {
      "iterations": 1,
      "smoothingRadius": 1.8,
      "smoothingRate": 0.9
    }
  },
  "miscellaneous": {
    "customBiomeFeatures": true,
    "erosionDecorator": true,
    "mountainBiomeUsage": 0.5999141,
    "naturalSnowDecorator": true,
    "oreCompatibleStoneOnly": true,
    "plainStoneErosion": false,
    "smoothLayerDecorator": true,
    "strataDecorator": true,
    "strataRegionSize": 600,
    "vanillaLavaLakes": false,
    "vanillaLavaSprings": false,
    "vanillaSprings": false,
    "volcanoBiomeUsage": 0.5999141
  },
  "rivers": {
    "branchRivers": {
      "bankWidth": 19,
      "bedDepth": 3,
      "bedWidth": 7,
      "fade": 0.7375,
      "maxBankHeight": 2,
      "minBankHeight": 0
    },
    "lakes": {
      "chance": 0.65,
      "depth": 7,
      "maxBankHeight": 10,
      "maxStartDistance": 0.03,
      "minBankHeight": 1,
      "minStartDistance": 0.0,
      "sizeMax": 200,
      "sizeMin": 75
    },
    "mainRivers": {
      "bankWidth": 35,
      "bedDepth": 4,
      "bedWidth": 14,
      "fade": 0.5249141,
      "maxBankHeight": 3,
      "minBankHeight": 1
    },
    "riverCount": 4,
    "seedOffset": 0,
    "wetlands": {
      "chance": 0.40008593,
      "sizeMax": 157,
      "sizeMin": 112
    }
  },
  "structures": {
    "structures": {
      "minecraft:ancient_cities": {
        "disabled": false,
        "salt": 20083232,
        "separation": 8,
        "spacing": 24
      },
      "minecraft:buried_treasures": {
        "disabled": false,
        "salt": 0,
        "separation": 0,
        "spacing": 1
      },
      "minecraft:desert_pyramids": {
        "disabled": false,
        "salt": 14357617,
        "separation": 8,
        "spacing": 32
      },
      "minecraft:igloos": {
        "disabled": false,
        "salt": 14357618,
        "separation": 8,
        "spacing": 32
      },
      "minecraft:jungle_temples": {
        "disabled": false,
        "salt": 14357619,
        "separation": 8,
        "spacing": 32
      },
      "minecraft:mineshafts": {
        "disabled": false,
        "salt": 0,
        "separation": 0,
        "spacing": 1
      },
      "minecraft:ocean_monuments": {
        "disabled": false,
        "salt": 10387313,
        "separation": 5,
        "spacing": 32
      },
      "minecraft:ocean_ruins": {
        "disabled": false,
        "salt": 14357621,
        "separation": 8,
        "spacing": 20
      },
      "minecraft:pillager_outposts": {
        "disabled": false,
        "salt": 165745296,
        "separation": 8,
        "spacing": 32
      },
      "minecraft:ruined_portals": {
        "disabled": false,
        "salt": 34222645,
        "separation": 15,
        "spacing": 40
      },
      "minecraft:shipwrecks": {
        "disabled": false,
        "salt": 165745295,
        "separation": 4,
        "spacing": 24
      },
      "minecraft:swamp_huts": {
        "disabled": false,
        "salt": 1636182036,
        "separation": 8,
        "spacing": 32
      },
      "minecraft:trail_ruins": {
        "disabled": false,
        "salt": 83469867,
        "separation": 8,
        "spacing": 34
      },
      "minecraft:villages": {
        "disabled": false,
        "salt": 10387312,
        "separation": 8,
        "spacing": 34
      },
      "minecraft:woodland_mansions": {
        "disabled": false,
        "salt": 10387319,
        "separation": 20,
        "spacing": 80
      },
      "nova_structures:badlands_miner_outpost": {
        "disabled": false,
        "salt": 783,
        "separation": 12,
        "spacing": 90
      },
      "nova_structures:bunker": {
        "disabled": false,
        "salt": 679854,
        "separation": 10,
        "spacing": 50
      },
      "nova_structures:conduit_ruin": {
        "disabled": false,
        "salt": 394,
        "separation": 90,
        "spacing": 140
      },
      "nova_structures:creeping_crypt": {
        "disabled": false,
        "salt": 7498398,
        "separation": 10,
        "spacing": 100
      },
      "nova_structures:desert_ruins": {
        "disabled": false,
        "salt": 239021,
        "separation": 12,
        "spacing": 80
      },
      "nova_structures:firewatch_towers": {
        "disabled": false,
        "salt": 123,
        "separation": 15,
        "spacing": 50
      },
      "nova_structures:illager_camp": {
        "disabled": false,
        "salt": 4533232,
        "separation": 12,
        "spacing": 26
      },
      "nova_structures:illager_hideout": {
        "disabled": false,
        "salt": 3094032,
        "separation": 12,
        "spacing": 200
      },
      "nova_structures:jungle_ruins": {
        "disabled": false,
        "salt": 239021,
        "separation": 12,
        "spacing": 80
      },
      "nova_structures:mangrove_witch_hut": {
        "disabled": false,
        "salt": 594,
        "separation": 8,
        "spacing": 32
      },
      "nova_structures:ruin_town": {
        "disabled": false,
        "salt": 39043,
        "separation": 12,
        "spacing": 60
      },
      "nova_structures:stray_fort": {
        "disabled": false,
        "salt": 709971604,
        "separation": 16,
        "spacing": 100
      },
      "nova_structures:taverns": {
        "disabled": false,
        "salt": 783,
        "separation": 15,
        "spacing": 44
      },
      "nova_structures:undead_crypt": {
        "disabled": false,
        "salt": 96586859,
        "separation": 20,
        "spacing": 100
      },
      "nova_structures:underground_house": {
        "disabled": false,
        "salt": 23094,
        "separation": 10,
        "spacing": 20
      },
      "nova_structures:villages_jungle": {
        "disabled": false,
        "salt": 10387312,
        "separation": 8,
        "spacing": 34
      },
      "nova_structures:villages_swamp": {
        "disabled": false,
        "salt": 10387312,
        "separation": 8,
        "spacing": 34
      },
      "nova_structures:wells": {
        "disabled": false,
        "salt": 430930,
        "separation": 15,
        "spacing": 40
      },
      "nova_structures:wild_ruin": {
        "disabled": false,
        "salt": 75489234,
        "separation": 18,
        "spacing": 23
      },
      "nova_structures:witch_villa": {
        "disabled": false,
        "salt": 3042970,
        "separation": 20,
        "spacing": 80
      }
    }
  },
  "surface": {
    "erosion": {
      "dirtMin": 287,
      "dirtSteepness": 0.475,
      "dirtVariance": 40,
      "rockMin": 582,
      "rockSteepness": 0.65,
      "rockVariance": 30,
      "screeSteepness": 0.4
    }
  },
  "terrain": {
    "badlands": {
      "baseScale": 1.0,
      "horizontalScale": 1.0,
      "verticalScale": 1.5738832,
      "weight": 0.5
    },
    "dales": {
      "baseScale": 1.0,
      "horizontalScale": 1.0,
      "verticalScale": 1.5051546,
      "weight": 0.75
    },
    "general": {
      "fancyMountains": false,
      "globalHorizontalScale": 1.6281787,
      "globalVerticalScale": 0.99,
      "legacyMountainScaling": false,
      "terrainRegionSize": 3100,
      "terrainSeedOffset": 0
    },
    "hills": {
      "baseScale": 1.0,
      "horizontalScale": 5.5670104,
      "verticalScale": 3.060567,
      "weight": 5.524055
    },
    "mountains": {
      "baseScale": 1.0,
      "horizontalScale": 6.0008593,
      "verticalScale": 1.2302405,
      "weight": 5.0
    },
    "plains": {
      "baseScale": 1.0,
      "horizontalScale": 6.04811,
      "verticalScale": 1.54811,
      "weight": 1.0
    },
    "plateau": {
      "baseScale": 1.0,
      "horizontalScale": 1.54811,
      "verticalScale": 1.0,
      "weight": 1.2611684
    },
    "steppe": {
      "baseScale": 1.0,
      "horizontalScale": 1.6426117,
      "verticalScale": 1.0,
      "weight": 1.0
    },
    "torridonian": {
      "baseScale": 1.0,
      "horizontalScale": 1.0,
      "verticalScale": 1.0,
      "weight": 1.0
    },
    "volcano": {
      "baseScale": 1.0,
      "horizontalScale": 1.0,
      "verticalScale": 1.5137457,
      "weight": 2.5
    }
  },
  "world": {
    "continent": {
      "continentJitter": 0.5100945,
      "continentNoiseGain": 0.003436426,
      "continentNoiseLacunarity": 1.0,
      "continentScale": 2840,
      "continentShape": "MANHATTAN",
      "continentSizeVariance": 0.375,
      "continentSkipping": 0.37671822,
      "continentType": "MULTI_IMPROVED"
    },
    "controlPoints": {
      "beach": 0.2885,
      "coast": 0.31384364,
      "deepOcean": 8.5910654E-4,
      "inland": 0.4145,
      "islandCoast": 0.0,
      "shallowOcean": 0.092353955
    },
    "properties": {
      "seaLevel": 63,
      "spawnType": "CONTINENT_CENTER",
      "worldHeight": 672
    }
  }
}